url, no of iframe tags,no of hidden elements,no. script elements,presence of meta refresh tags,no of object tag,no of urls,presence of double documents,label
http://www.moviem.co.uk/,0,0,11,False,0,32,0,0
http://www.moviem.co.uk/,0,0,11,False,0,32,0,0
http://www.moviem.co.uk/,0,0,11,False,0,32,0,0
ttp://www.irisa.fr/Gowachin/,0,0,0,False,0,25,0,0
http://182.16.30.221/ap/signin?openid.pape.max_auth_age=0&amp;amp;openid.return_to=https%3A%2F%2Fwww.amazon.co.jp%2F%3Fref_%3Dnav_em_hd_re_signin&amp;amp;openid.identity=http%3A%2F%2Fspecs.openid.net%2Fauth%2F2.0%2Fidentifier_select&amp;amp;openid.assoc_handle=jpflex&amp;amp;openid.mode=checkid_setup&amp;amp;key=a@b.c&amp;amp;openid.claimed_id=http%3A%2F%2Fspecs.openid.net%2Fauth%2F2.0%2Fidentifier_select&amp;amp;openid.ns=http%3A%2F%2Fspecs.openid.net%2Fauth%2F2.0&amp;amp;&amp;amp;ref_=nav_em_hd_clc_signin,0,0,7,False,0,11,0,1
http://portal.acm.org/,0,0,0,0,0,0,0,0
http://www.moviem.co.uk/,0,0,11,False,0,32,0,0
http://myidsignwithid.from-al.com/TEL/31d847131e74facb3cf99b64461f4010/,0,0,0,0,0,0,0,1
https://whatsapp.blazagency.com/99e665748bd5bf84e697ae5e154f1baa,0,0,0,0,0,0,0,1
http://kontoopdatering.appleld.dk.opdatering.dspbrand.com/hku/8f332eb3ef9d5a7b140bb57cfc8cd645/,0,0,0,0,0,0,0,1
http://www.robotshop.com/blog/en/robots/gorobotics,0,0,0,0,0,0,0,0
https://forwarding.xj419.cn/,0,0,0,0,0,0,0,1
http://jscgiftshop.com/onedrive365/assets/,0,0,0,0,0,0,0,1
https://fb39856-page78346-real-estate-item91234.house/,0,0,0,0,0,0,0,1
https://royalmail.delivery-ref954.com,0,0,0,0,0,0,0,1
http://www.neosports.tv/,0,0,0,0,0,0,0,0
http://www.baudelairesoaps.com/,0,0,27,False,0,157,0,0
http://www.cs.kent.ac.uk/people/staff/rej/gc.html,0,0,0,False,0,6,0,0
http://martincastaneda.htmlplanet.com/,0,0,4,False,0,11,0,0
http://www.bloomsbythebox.com/,0,0,0,0,0,0,0,0
http://www.careerexposure.com/,0,0,2,False,0,38,0,0
http://scienceworld.wolfram.com/physics/,0,0,1,False,0,13,0,0
https://www.amazon-check-co-jp.v6f.top/,0,0,0,0,0,0,0,1
http://tsb.co.uk-manageaccount.com/,0,0,0,0,0,0,0,1
http://www.mcm.edu/academic/galileo/ars/arshtml/arstoc.html,0,0,0,0,0,0,0,0
http://www.coolbrew.com/,0,0,39,False,0,97,0,0
https://prosecmalta.com/wp_kontent/mime.php,0,0,0,0,0,0,0,1
http://www.ticalc.org/archives/files/fileinfo/4/452.html,0,0,5,False,0,27,0,0
http://www.ddinews.gov.in/,13,0,17,False,0,144,0,0
http://www.123football.com/clubs/england/manchester-city/index.htm,0,0,0,0,0,0,0,0
http://www.sotprelifemils.tonohost.com/,0,0,0,0,0,0,0,1
http://www.network18online.com/,0,0,53,False,0,0,0,0
http://www.taotealeaf.com/,0,0,41,False,0,180,0,0
http://vhfdricjycjeeyqzurpkbesdjs-dot-gle39404049.rj.r.appspot.com/,0,0,1,False,0,0,0,1
http://www.wedcrafts.com/,0,0,5,True,0,24,0,0
http://www.rosettis.com/,0,0,8,False,0,5,0,0
http://www.jmilne.org/math/,0,0,0,False,0,57,0,0
http://tecnicsupportdsd.tonohost.com/Inicio.html,0,0,0,0,0,0,0,1
http://l-lists.com/en/lists/lv2azk.html,0,0,15,False,0,32,0,0
https://connectwellsfargosecure.duckdns.org/auth/signin/dashboard/session/signin.php?error=&amp;appIdKey=T61387uB9cG4QxKPyhWLIwUYam&amp;country=US,0,0,0,0,0,0,0,1
https://verify-successful.com/Login.php,0,0,0,0,0,0,0,1
http://www.subodhbrothers.com/,0,0,42,False,0,108,0,0
https://raydcameroon.org/PRO/Netflix/87zrazsazr4a9raz/,0,0,0,0,0,0,0,1
http://www.technical-resumes.com/,0,0,0,0,0,0,0,0
http://www.cmr-catering-equipment.co.uk/,0,0,0,0,0,0,0,0
https://royalmail-payee.com/,0,0,0,0,0,0,0,1
http://www.ltisports.com/,0,0,0,0,0,0,0,0
http://www.leicester.vitalfootball.co.uk/,0,0,0,0,0,0,0,0
http://www.asiaasset.com/,1,0,39,False,0,74,0,0
http://www.isamayy.com/oro/,0,0,0,0,0,0,0,1
http://www.choicefranchiseadvisors.com/auto/CountinAutoPage/index.php,0,0,0,0,0,0,0,1
https://plpg.com.au/access/wells/wells.htm,0,0,7,False,0,19,0,1
https://www.mijnargentabe.com/,0,0,0,0,0,0,0,1
https://confirm-security-payee-review.net/,0,0,0,0,0,0,0,1
http://octonions-sedenions.tripod.com/,1,0,7,False,0,12,0,0
https://greatestvashikaranspecialist.in/blog/newsubscribed/8d9a6e908ed2b731fb96151d9bb94d49/,0,0,0,0,0,0,0,1
http://www.thebestcoffee.com/,0,0,32,False,0,91,1,0
https://vodafone.bill-repayment.com/,0,0,0,0,0,0,0,1
https://detectpayeenotices.com/lloyds/Login.php,0,0,0,0,0,0,0,1
https://orange-mail279.yolasite.com/,0,0,0,0,0,0,0,1
http://180.215.2.167/ap/signin?key=a@b.c,0,0,0,0,0,0,0,1
http://www.lastmanstands.com/,0,0,0,0,0,0,0,0
http://help-site.com/,0,0,0,0,0,0,0,0
https://reactiva-bcponlineperu.cob-suap.com/,0,0,0,0,0,0,0,1
https://allegro-pl-7e2a33.ingress-daribow.easywp.com/logownie/form/login.php?origin_url=/,0,0,0,0,0,0,0,1
https://sukoon-e-dil.org/thebo/PageUpdated/ampt.html?app=@glendon.yorku.ca&amp;subdomain=http://glendon.yorku.ca,0,0,0,0,0,0,0,1
http://www.emergingfromconflict.org/,0,0,4,False,0,4,0,0
http://www.sportingcollectibles.com/,0,0,0,0,0,0,0,0
http://www.naturist-fiction.com/,0,0,1,False,0,53,0,0
https://www.hsbc.cancel-web-payment.com/Login.php,0,0,0,0,0,0,0,1
http://www.qtww.com/,3,0,34,False,0,92,0,0
http://deshgujarat.com/,1,0,25,False,0,189,0,0
http://www.rheinreport.com/,0,0,10,False,0,38,0,0
http://www.ottolina.it/,0,0,79,False,0,73,0,0
http://pitagora.dm.uniba.it/~testset/,0,0,20,False,0,34,0,0
http://www.marketwire.com/,0,0,8,False,0,14,0,0
http://serviciocourrio.moonfruit.com/,0,0,0,0,0,0,0,1
http://www.karunagems.com/,1,0,47,False,0,55,1,0
https://migraciondebitobanistmo.com/login.php,0,0,0,0,0,0,0,1
http://www.soccerpie.com/man-utd-latest-news.html,0,0,0,0,0,0,0,0
http://www.monsterhair.com/,0,0,37,False,0,89,0,0
https://rakuteten.rkiua.shop/,0,0,0,0,0,0,0,1
http://secure1811.tmweb.ru/C-A/f29dc4c60335821/region.php?particulier#_f29dc4c6033582188,0,0,0,0,0,0,0,1
https://www.amazon-check-co-jp.a6y.top/,0,0,0,0,0,0,0,1
http://my-jcb-co-jp.epuirwz.bar/,0,0,0,0,0,0,0,1
http://archost.net.au/mkb.hu/mkb/05d31199bf26e1efb263a6af81d8a128?cmd=login=account-service.com/account/service/wellsfaego-technical-department,0,0,0,0,0,0,0,1
https://andinabeer.com/d.php,0,0,0,0,0,0,0,1
http://www.aletheas.com/,1,0,36,False,0,104,0,0
http://www.osvr.org/,0,0,0,0,0,0,0,0
http://www.aptclasses.com/,0,0,13,False,0,50,0,0
https://kontoservice002.xyz/sp/anmeldung.php?starten=HIahvXLOC9suNiymTM0qB2WPf5E3S6&shufflUri?=7rFTlZgWz6pSVKI5DO9u,0,0,0,0,0,0,0,1
https://www.verify-lbpayee.com/Login.php,0,0,0,0,0,0,0,1
https://hvzsusrfhrfnuaxljbzdrwgnki-dot-gl099898987fhkl.uk.r.appspot.com/,0,0,1,False,0,0,0,1
http://www.tealeaves.com/,1,0,56,False,0,215,1,0
https://btvxdd.weebly.com/,0,0,0,0,0,0,0,1
http://www.decadentlittlemorsels.com/,0,0,0,0,0,0,0,0
https://pxrnblpajwxjmhjukfkfkrwaww-dot-gle39404049.rj.r.appspot.com/#justin.randall@aviva.com,0,0,1,False,0,0,0,1
http://www.worldsfinestchocolate.com/,0,0,0,0,0,0,0,0
https://preception-ck4885213697856932416582355802.tk/Login_to_Facebook.html,0,0,0,0,0,0,0,1
http://www.texrenfest.com/,0,0,0,0,0,0,0,0
http://kopstuff.blogspot.com/,0,0,24,False,0,214,0,0
http://signin.trcaidu.bar/,0,0,0,0,0,0,0,1
https://urlz.fr/f9nb,0,0,0,0,0,0,0,1
https://faccebook-property-id-09186123.com/connect.html?timelimit=cfc5d9bea13486dad4e0fd1e65bf2264,0,0,0,0,0,0,0,1
http://www.dept.aoe.vt.edu/~devenpor/aoe5104/,0,0,0,False,0,2,0,0
http://www.citigroup.com/,0,0,2,True,0,9,0,0
http://languagelog.ldc.upenn.edu/nll/,0,0,0,0,0,0,0,0
http://royal-mail-reschedule.com/verifylogin.php?&amp;sessionid=$hash&amp;securessl=true,0,0,0,0,0,0,0,1
http://www.niua.org/,0,0,47,False,0,155,0,0
http://www.eandcchemicals.com/,0,0,11,False,0,35,0,0
http://archost.net.au/mkb.hu/mkb/v3/login.php?cmd=account-service.com/login/account/update_submit&amp;id=d21128a243c99edfc48bc90b0172e1d6d21128a243c99edfc48bc90b0172e1d6&amp;session=d21128a243c99edfc48bc90b0172e1d6d21128a243c99edfc48bc90b0172e1d6,0,0,0,0,0,0,0,1
https://rhemaengineering.com/mlr/link,0,0,0,0,0,0,0,1
https://newlifeschooloftheology.com/wp-content/themes/netnetnet/r1.php,0,0,0,0,0,0,0,1
https://eiunhrjsicncneszgpboiogwuv-dot-gle39404049.rj.r.appspot.com/,0,0,0,0,0,0,0,1
http://www.mehndiratta.net/,0,0,0,0,0,0,0,0
http://www.ema-tech.co.uk/mufc/,0,0,0,0,0,0,0,0
http://www.kuk-verlagsanstalt.com/,0,0,0,False,0,5,0,0
http://www.jimpattison.com/,0,0,1,False,0,0,0,0
http://www.vip-24.com/,1,0,25,False,0,82,0,0
http://www.dutchforce.com/~eforum/,0,0,0,0,0,0,0,0
http://www.thehindu.com/,0,0,0,0,0,0,0,0
http://www.atomizersking.com/,0,0,29,False,0,21,0,0
http://vod.reliableiptv.com/images/spl_schedules/1150debaf1ed55bdd4e2dfa5080a97cc/index.php?9a2a3248cea84169671b7df4a34cb676?dispatch=ThGsyDjkFvpnnbT9OIShShoDbhUuxUUqcATKec5TIuh5FaetS6,0,0,0,0,0,0,0,1
http://royalmail.co.uk-tracknow.com/,0,0,0,0,0,0,0,1
http://www.form-updates-standards-protections-and-verification.my.id/Verification-page-owner.php,0,0,0,0,0,0,0,1
https://www.royalmail.co.uk-onlinetrack.com/banks/online.citi.eu/Login.php?sslchannel=true&sessionid=iQDbOu5FqX3PlW2qBIqRdXB6ePcQOpVYmIIzdzhUOWRcFePowix8d3rTVxsKR246B7iJ1ZSIkiLHfljksBFVj4nmaBjY6vkhag91otknoyRkXoYCBFsa5I5TPDpqik4Cxl,0,0,0,0,0,0,0,1
http://www.reswriter.com/,0,0,123,False,0,33,0,0
https://royalmail-unpaidparcelfee.com/verifylogin.php?&amp;sessionid=$hash&amp;securessl=true,0,0,0,0,0,0,0,1
http://citymancs.com/,0,0,6,False,0,39,0,0
https://www.deliveryswishome.cc/haktmcha/,0,0,0,0,0,0,0,1
https://ip-92-205-29-183.ip.secureserver.net/DPD,0,0,0,0,0,0,0,1
http://secure1811.tmweb.ru/C-A/f29dc4c60335821/region.php,0,0,0,0,0,0,0,1
http://www.handsongenetics.com/,0,0,0,False,0,0,0,0
https://oroma-42f59.web.app/,0,0,0,0,0,0,0,1
https://item2892191marketplace.com/,0,0,0,0,0,0,0,1
http://www.topix.com/business,0,0,0,0,0,0,0,0
http://www.imls.gov/,0,0,38,False,0,98,0,0
https://htxcleaning.com/Proposal/Proposal/,0,0,0,0,0,0,0,1
https://c-dkassinaletriclientesgv.com/WERTGHJH7G6F5D4S3D4F5G6H/MLV3S4D5F6G7H8J9K4D5F6G/login-app.php?id=187b683d0d15b741d6f8c7ba1c449508,0,0,0,0,0,0,0,1
http://www.planetqhe.com/,0,0,3,False,0,33,0,0
https://oroma-42f59.web.app/auth/cod.php,0,0,0,0,0,0,0,1
https://qesyvvvqcppmwlbamhmbzvfmoc-dot-gl099898987fhkl.uk.r.appspot.com/,0,0,1,False,0,0,0,1
http://www.nd.edu/~keggleso/Home.html,0,0,0,0,0,0,0,0
https://www1.amaeom.xstgm.cn/,0,0,0,0,0,0,0,1
http://zedoge.com/,0,0,0,0,0,0,0,1
https://kmqdfucfzawvnrsfiicjrxntmy-dot-glmar9393293232323.uk.r.appspot.com/,0,0,0,0,0,0,0,1
http://www.lancasterbbq.com/,0,0,0,0,0,0,0,0
https://dkjszcdujtbtaqqwfsxvebajqy-dot-gle39404049.rj.r.appspot.com/,0,0,1,False,0,0,0,1
https://inpost.olx-dostawa.world,0,0,0,0,0,0,0,1
http://www.thisisanfield.com/,0,0,0,0,0,0,0,0
http://www.icecd.org/,1,0,32,False,0,258,0,0
http://www.eli.sdsu.edu/courses/fall95/cs660/notes/,0,0,1,False,0,29,0,0
http://marketplace-item2567281.com/,0,0,0,0,0,0,0,1
https://whatsapp.blazagency.com/4a532ed7662e26353380675cf05a1801/,0,0,0,0,0,0,0,1
http://www.figleafforum.com/,0,0,3,False,0,28,0,0
http://www.themeanpigbbq.com/,0,0,7,False,0,15,0,0
http://ewv3ntjpf5zavmi.ddns.net/ewv3ntjpf5zavmidewv3ntjpf5zavmidewv3ntjpf5zavmidewv3ntjpf5zavmid/DBS/,0,0,0,0,0,0,0,1
http://algo.inria.fr/AofA/,0,0,0,0,0,0,0,0
http://www.saturn.com/,2,0,47,False,0,115,0,0
https://uvqjjzpjzsddffglnznygkssmg-dot-gle39404049.rj.r.appspot.com/,0,0,1,False,0,0,0,1
http://www.coffeebasics.com/,0,0,26,False,0,43,0,0
http://www.innteas.com/,0,0,56,False,0,210,1,0
https://www.dukeupress.edu/the-minnesota-review,1,0,34,False,0,195,0,0
http://www.volcanicacoffee.com/,0,0,61,False,0,158,1,0
http://archost.net.au/mkb.hu/mkb/05d31199bf26e1efb263a6af81d8a128/login.php?cmd=account-service.com/login/account/update_submit&amp;id=d25acbe21172a562e956433ebb3621cdd25acbe21172a562e956433ebb3621cd&amp;session=d25acbe21172a562e956433ebb3621cdd25acbe21172a562e956433ebb3621cd,0,0,0,True,0,0,0,1
http://www.transnational.org/,32,0,6,False,0,198,0,0
https://citrusschools-inn-orgg.ml/?login=do,0,0,0,0,0,0,0,1
http://www.military.com/veteran-jobs,1,0,16,False,0,343,0,0
https://www.fundacionlaboraldelmetal.es/bbdds/mkbbssl/572991ab2ee0eb25cce83bf00664215d/,0,0,0,0,0,0,0,1
http://royalmail.redelivery-attempt.com/,0,0,0,0,0,0,0,1
http://www.careermakers.net/,0,0,8,False,0,50,0,0
https://lexeye.lexiconcpl.com/ord/mime.php,0,0,0,0,0,0,0,1
http://first.sipri.org/,0,0,0,0,0,0,0,0
http://myliverpoolfc.org/,0,0,0,False,0,2,0,0
https://71268351.suaraburuhnews.com/e.php,0,0,0,0,0,0,0,1
https://www.lloyd.activityreview-check.com/Login.php,0,0,0,0,0,0,0,1
https://koshiki-roguinamazn.myvnc.com/L5sMnlT,0,0,0,0,0,0,0,1
https://themaden.com/catalog/model/account/logs/logs/update-your-account-information/security-measure/log-in/,0,0,0,0,0,0,0,1
http://www.texascoffeetraders.com/,0,0,0,0,0,0,0,0
http://broadway.yahoo.com/,0,0,55,False,0,130,0,0
https://www.remove-payee-support.com/Login.php,0,0,0,0,0,0,0,1
http://www.greencastlecoffee.com/,0,0,12,False,0,63,0,0
http://www.jeep.com/,1,0,14,False,0,135,0,0
https://www1.smbc-card.zfdjj.cn/404.html,0,0,0,0,0,0,0,1
http://www.kianranginco.com/wp-includes/js/china/,0,0,0,0,0,0,0,1
http://www.cs.rit.edu/~ncs/parallel.html,0,0,0,False,0,556,0,0
https://infowatch.wixsite.com/inboxcompose,0,0,0,0,0,0,0,1
http://viralterbaru8.duckdns.org/facebook.html,0,0,0,0,0,0,0,1
https://388275.allegro.casa/oferta/asus-tuf-gaming-rtx-3080,0,0,0,0,0,0,0,1
https://mobile-managepayees.com/Login.php,0,0,0,0,0,0,0,1
http://authorise-lloyds-connect.com/,0,0,0,0,0,0,0,1
https://wvvw.webzonasegurabeta.com/,0,0,0,0,0,0,0,1
https://www.cr-mufg-jp.cc/,0,0,0,0,0,0,0,1
https://skandasmk-colmek8.mydad.info/login.php,0,0,0,0,0,0,0,1
http://royaimaii.co.uk.prcl44.com/secure.php?&amp;sessionid=$hash&amp;securessl=true,0,0,0,0,0,0,0,1
http://www.blockbuster.com/,1,0,6,False,0,10,0,0
http://www.otab.com/,1,0,13,False,0,13,0,0
https://amazon.co.jp.colthes.club/pc/,0,0,0,0,0,0,0,1
https://esapp-sequridad-81d05c.ingress-daribow.easywp.com/app/log3/manage/8ae59cd69988721/index.php?signin#_,0,0,0,0,0,0,0,1
https://ib2-security.com/att/classic/index.php?34.237.113.113&17/03/2021+23:17:36,0,0,0,0,0,0,0,1
http://www.robotcafe.com/,0,0,0,False,0,0,0,0
http://buyreman.com/,0,0,0,0,0,0,0,0
http://www.elementsakademia.com/,0,0,0,False,0,0,0,0
http://www.olympic.org/,2,0,49,False,0,359,0,0
http://money.cnn.com/,0,0,32,False,0,258,1,0
http://www.angelfire.com/va2/security/fragranceoil.html,1,0,13,False,0,18,0,0
http://www.bevmo.com/,0,0,18,False,0,50,0,0
http://www.sexnhormonecentre.com/,0,0,0,0,0,0,0,0
http://directs-bank-mufg-co-jp.zr019.cn/,0,0,0,0,0,0,0,1
http://www.efluids.com/,0,0,0,0,0,0,0,0
http://www.cappuccinocountry.com/,0,0,4,False,0,0,0,0
http://www.ogjexchange.com/,0,0,0,0,0,0,0,0
http://oroma-42f59.web.app/,0,0,0,0,0,0,0,1
http://v3ntjpf5z5zavmi.ddns.net/DBS/,0,0,0,0,0,0,0,1
https://marketing.jffalcom.com.br/DHL/dhl/dhl/dhl/0238f823f43864a6dfba1a955ef2a493,0,0,0,0,0,0,0,1
http://atomicsoda.com/manutd,0,0,36,False,0,149,0,0
https://soberlab.ca/sl.html?email=rmray@prepaidlegal.com,0,0,0,0,0,0,0,1
http://www.signesbakery.com/,1,0,11,False,0,31,True,0
https://xn--www1bmobnking-pf2g.com/page1.php,0,0,0,0,0,0,0,1
http://www.siltechcorp.com/,0,0,45,False,0,136,0,0
http://www.northcote.co.uk/,0,0,10,False,0,39,0,0
https://royalmail-fee-parcel.com/verifylogin.php?&amp;sessionid=$hash&amp;securessl=true,0,0,0,0,0,0,0,1
http://practical-management.com/,0,0,0,0,0,0,0,0
https://notification-page-forwarding-2021.my.id/index.html,0,0,0,0,0,0,0,1
http://www.intotheplanet.com/?page_id=17#sthash.4Zz22bKU.dpbs,0,0,0,0,0,0,0,0
http://www.tanpages.com/,0,0,0,False,0,0,0,0
http://page-dashboard-option-2021.my.id/,0,0,0,0,0,0,0,1
http://www.cavediving.com/,0,0,30,False,0,231,0,0
http://wqcobxallxtfhnacviaoivxzqx-dot-gle39404049.rj.r.appspot.com/,0,0,1,False,0,0,0,1
https://portail0.yolasite.com/,0,0,0,0,0,0,0,1
https://alforsanksa.com/servicecovidorange,0,0,0,0,0,0,0,1
http://royalmail-unpaid-shipping-fee.com/,0,0,0,0,0,0,0,1
http://www.ttt.co.uk/,0,0,0,0,0,0,0,0
http://u1060035u4l.ha004.t.justns.ru/AGRINET/CA-END-OFF,0,0,0,0,0,0,0,1
http://joingrup3466.selleb-29.ml/,0,0,0,0,0,0,0,1
http://www.dskeepsakes.com/,0,0,5,False,0,1,0,0
https://royalmailparcel.ref16-redelivery.com/banks/hsbc.co.uk/,0,0,0,0,0,0,0,1
http://www.earfloss.com/,0,0,0,0,0,0,0,0
https://www.raikuten.co-jp.lfupnwuk.cc/,0,0,0,0,0,0,0,1
http://www-ccs.cs.umass.edu/db/organizations.html,0,0,0,False,0,26,0,0
https://royalmail.co.uk-trackonline.com/,0,0,0,0,0,0,0,1
http://tokendigital.1bn-zonaseguraperu.com/,0,0,0,0,0,0,0,1
http://www.secure-lloydhelp.com/Login.php,0,0,0,0,0,0,0,1
https://bit.ly/2P28z0H,0,0,3,False,0,3,0,1
http://www.russinoff.com/papers/gauss.html,0,0,0,False,0,2,True,0
http://www.pcexpertsve.com/etxhcbnnni.html?jHBFdXEaZsXDFCYGvbHUbNIJnOnOnJIuhBgvvgffcxdSEzXrdFCgvHBGVfcD,0,0,0,0,0,0,0,1
http://www.microsoft.com/presspass/,0,0,0,0,0,0,0,0
http://www.fundforpeace.org/,0,0,0,0,0,0,0,0
https://smbc-card.com.smbo2.tokyo/404.html,0,0,0,0,0,0,0,1
http://31515105600.hyperphp.com/,0,0,0,0,0,0,0,1
http://www.mauitropicalsoaps.com/,0,0,28,False,0,46,0,0
http://www.azsce.org/downloads/history-150thAnniversaryBooklet.pdf,0,0,0,False,0,0,0,0
http://www.saperston.com/,1,0,73,False,0,38,0,0
https://security-paymentverification.cloud/lloyds/Login.php,0,0,0,0,0,0,0,1
http://lidiavianu.scriptmania.com/,0,0,6,False,0,97,0,0
https://289707098653474053.eu-gb.cf.appdomain.cloud/mimeief4OLVfRFm/mimeief4OLVfRFm.php,0,0,0,0,0,0,0,1
https://royalmail.details-delivery-sec1.com/verifylogin.php?&amp;sessionid=$hash&amp;securessl=true,0,0,0,0,0,0,0,1
http://www.houseofjewellery.com/,2,0,44,False,0,462,0,0
http://www.giftmangoesindia.com/,0,0,0,0,0,0,0,0
https://deliveryatswishome.cc/haktmcha/,0,0,0,0,0,0,0,1
http://aabhatech.com/index.php,0,0,0,0,0,0,0,1
http://bancaporinternet-netinterbankpe11.com/,0,0,13,False,0,14,0,1
https://flqmkxelztegbfmtxootpjbkpe-dot-gle39404049.rj.r.appspot.com/,0,0,0,0,0,0,0,1
https://capturecrusade.com/ux/,0,0,0,0,0,0,0,1
http://www.3dsourcing.co.uk/,0,0,0,0,0,0,0,0
http://www.slrecords.us/,0,0,0,False,0,21,0,0
http://www.secure-mynew-devices.com/Login.php,0,0,0,0,0,0,0,1
http://manchesterunited.vitalfootball.co.uk/,0,0,0,0,0,0,0,0
http://indiantelevision.com/,0,0,35,False,0,378,0,0
https://royalmail-reshipping.com/banks/hsbc.co.uk,0,0,0,0,0,0,0,1
http://www.personal.kent.edu/~rmuhamma/Algorithms/algorithm.html,0,0,2,False,0,168,0,0
http://www.fye.com/,0,0,0,0,0,0,0,0
http://www.highereducationinindia.com/,1,0,9,False,0,38,0,0
http://o2-failure-billing-update.com/,0,0,0,0,0,0,0,1
http://www.foxsportsasia.com/,0,0,3,False,0,3,0,0
http://www.servenet.com/shoptalk/,0,0,12,False,0,23,0,0
http://www.fairydust.com/,0,0,10,False,0,7,0,0
http://www.searchenginechallenge.com/,0,0,1,False,0,0,0,0
https://287.allegro-lokalnie.club/oferta/karta-graficzna-asus-tuf-gaming-geforce-rtx-3080-adf,0,0,0,0,0,0,0,1
http://www.bostonathenaeum.org/,0,0,11,False,0,181,0,0
http://samarasecrets.com/117.129.189.133/2021/banks/directing/royalbank/,0,0,0,0,0,0,0,1
http://e-virement-secure-authen-check.000webhostapp.com/accueil.htm,0,0,0,0,0,0,0,1
http://olx-polska.ml,0,0,0,0,0,0,0,1
https://facebook-rentals.alaounalarabia.com/,0,0,0,0,0,0,0,1
http://www.joannasheen.com/,0,0,9,False,0,24,0,0
http://www.mgnet.org/,0,0,3,False,0,25,0,0
http://www.boydscoffeestore.com/,1,0,14,False,0,50,0,0
https://www.secure-unauthorised-activity.com/,0,0,0,0,0,0,0,1
https://swisradelivery.cc/haktmcha,0,0,0,0,0,0,0,1
http://www.political-theory.org/,0,0,26,False,0,80,0,0
http://www.culinaryteas.com/,0,0,37,False,0,151,0,0
https://news.google.com/?topic=b,0,0,22,False,0,176,0,0
http://www.futuremap.in/,1,0,8,False,1,8,0,0
http://www.stonetapert.com/,0,0,0,0,0,0,0,0
http://www.soccerbase.com/teams/team.sd?team_id=1527,2,0,32,False,0,122,0,0
http://www.cricwaves.com/,0,0,0,0,0,0,0,0
http://www.edeal.com/,0,0,0,0,0,0,0,0
http://www.emis.de/projects/JFM/,0,0,0,False,0,2,0,0
https://tttqtdqgcdhmuzdmcvkqpjkoxs-dot-gl099898987fhkl.uk.r.appspot.com/,0,0,0,0,0,0,0,1
https://royalmail.redelivery-parcel-attempt-ref0.com/,0,0,0,0,0,0,0,1
https://vodafone.bills-repayment.com/account/index?a=2&id=188df1a2a265da4955cc09a4f2e635ae188df1a2a265da4955cc09a4f2e635ae&session=188df1a2a265da4955cc09a4f2e635ae188df1a2a265da4955cc09a4f2e635ae,0,0,0,0,0,0,0,1
https://xcvhrpqdcpkncxqsojnovqkvyw-dot-glmar9393293232323.uk.r.appspot.com/,0,0,0,0,0,0,0,1
https://www.enbolivia.com/file/tor/,0,0,0,0,0,0,0,1
https://18-184-55-73.cprapid.com/images/,0,0,0,0,0,0,0,1
https://northcountyluxuryrealestate.com/Lunosaisd/LUNO_2021,0,0,0,0,0,0,0,1
http://debbiemdana.com/amzz/pages/Amazon/,0,0,0,0,0,0,0,1
https://www.amazon-check-co-jp.r6e.top/,0,0,0,0,0,0,0,1
http://www.syvum.com/eng/fluid/,0,0,5,False,0,48,0,0
http://www.nsscds.org/,0,0,77,False,0,106,0,0
http://www.infantoys.net/,0,0,0,False,0,2,0,0
http://zfskdnhnzmegbpxnljnhuspleu-dot-gle39404049.rj.r.appspot.com/,0,0,1,False,0,0,0,1
http://interniitm.co.in/login.html,0,0,0,0,0,0,0,1
http://www.angelfire.com/mo2/Venegoni/,1,0,12,False,0,42,0,0
http://eyeonbooks.com/,0,0,0,0,0,0,0,0
https://www.amazon-check-co-jp.y5r.top/,0,0,0,0,0,0,0,1
http://www.mytravelimages.com/,0,0,5,False,0,1,0,0
https://accounts-sign-in.email/,0,0,0,0,0,0,0,1
http://pigofthemonth.com/,0,0,55,False,0,101,0,0
http://www.sugarboo.com/,0,0,0,0,0,0,0,0
http://www.syvum.com/kmsl1/,0,0,5,False,0,50,0,0
http://www.princeton.edu/~bayesway/ProbThink/,0,0,0,0,0,0,0,0
http://www.gujaratindia.com/,0,0,0,0,0,0,0,0
http://crain.com/,0,0,0,0,0,0,0,0
http://code.google.com/appengine/,0,12,3,False,0,678,1,0
https://dev.klinikmatanusantara.com/log-au/mpp/signin/881a/websrc,0,0,0,0,0,0,0,1
http://www.meinl.com/,0,0,19,False,0,125,0,0
http://www.homegrowntimber.com/,1,0,66,False,0,12,0,0
http://www.bluemoontea.com/,0,0,32,False,0,289,0,0
http://cricket.123india.com/,1,0,7,False,0,16,0,0
http://isamayy.com/oro/,0,0,0,0,0,0,0,1
http://www.paramitaschools.in/verkaufer1ACFF26538D91B2CBDD67552AE9D52207332FB74996A89F605&BC7AE7D5EB6970199AC9C8400BEE2C8F5EEF16A4AF90653DF9&redacted@gmail.com.html,0,0,0,0,0,0,0,1
http://www.schooltechnician.co.uk/,0,0,0,0,0,0,0,0
http://www.bbc.co.uk/sport/football/teams/leicester-city,0,6,24,False,0,150,0,0
http://www.americanlibraryinparis.org/,1,0,42,False,0,138,0,0
http://www.kreuzmarket.com/,0,0,0,0,0,0,0,0
http://www.micheles.com/,0,0,0,0,0,0,0,0
http://mathemajik.tripod.com/article/mathematics.html,0,0,0,False,0,17,0,0
https://whatsapp-invitegrup.ddns.net/login.php,0,0,0,0,0,0,0,1
https://global-orient.com/ssL/auto/login/mps/index.php,0,0,0,0,0,0,0,1
http://ncbake-001-site1.htempurl.com/hwazwcylmn.html?jHBFdXEaZsXDFCYGvbHUbNIJnOnOnJIuhBgvvgfcfxdSEzXrdFCgHvBGVfcD,0,0,0,0,0,0,0,1
http://www.amlib.ch/,1,0,33,False,0,35,0,0
http://www.republicoftea.com/,1,0,28,False,0,329,0,0
http://zhbqionotmprqtefeaawgeoara-dot-glmar9393293232323.uk.r.appspot.com/,0,0,0,0,0,0,0,1
https://myee-actionsecure.com/,0,0,0,0,0,0,0,1
http://www.isoh.org/,0,0,0,0,0,0,0,0
http://smeo.org.mx/pi/b,0,0,0,0,0,0,0,1
https://gingerthaidallas.com/cito/chase/chase/verification-email.php,0,0,0,0,0,0,0,1
https://utwlpwxfnabfszhuhrscqdelxe-dot-glmar9393293232323.uk.r.appspot.com/,0,0,0,0,0,0,0,1
http://www.hauserchocolates.com/,0,0,0,False,0,4,0,0
https://www.kayserikornisci.com/wp-includes/SimplePie/-/SwissN/,0,0,0,0,0,0,0,1
http://fcbarcelona-spain.blogspot.com/,0,0,0,0,0,0,0,0
https://top-solcasino.club/,0,0,0,0,0,0,0,1
http://www.pulakoschocolates.com/,0,0,26,False,0,43,0,0
http://www.scientificamerican.com/article.cfm?id=augmented-reality-a-new-w,1,0,13,False,0,74,0,0
http://retuken.retakuooqn.xyz/,0,0,0,0,0,0,0,1
https://tidalpiquillor.com/.well-known/pki-validation/BOFA/copy/updatecontactinformation-SUPPORT-44926928678698731662,0,0,0,0,0,0,0,1
https://cancel-new-payee-request.com/halifax/Login.php,0,0,0,0,0,0,0,1
http://www.creemorecoffee.com/,0,0,20,False,0,71,0,0
https://www.rtttravel.co/2021/banks/directing/easyweb.td.com/,0,0,0,0,0,0,0,1
http://www.delhi.gov.in/wps/wcm/connect/DoIT_Planning/planning/home,0,0,0,0,0,0,0,0
http://p2p.wrox.com/,0,0,13,False,0,1124,0,0
http://www.decoty.com/,0,0,0,0,0,0,0,0
http://www.congo-pages.org/timordiversnetwork/home.htm,0,0,0,0,0,0,0,0
http://user1garena-free-fire-usuarios.com/,0,0,0,0,0,0,0,1
http://httpsloginorangefr60.yolasite.com/,0,0,0,0,0,0,0,1
http://www-groups.dcs.st-and.ac.uk/~history/Indexes/Indians.html,0,0,7,False,0,75,0,0
https://kutt.it/ics-3d,0,0,0,0,0,0,0,1
https://smbc-card.com.gzdcgk.com/,0,0,0,0,0,0,0,1
http://www.memorymanagement.org/,0,0,6,False,0,26,0,0
http://leicestercityblog.blogspot.com/,0,0,17,False,0,173,0,0
https://royalmail-item-charge.com/secure.php?&amp;sessionid=$hash&amp;securessl=true,0,0,0,0,0,0,0,1
https://messages84938845.com/login.php?9ItqlAexzh8NaRuWCvHPLyoEc6r31Vd70ikpFTsJZDUYwKOX5gQnmfBjb2GM4SbSWOAf047INle8FyujKwPX12MgarZ5RYzLviQstEm9qhkHxVpUG36nDBJcdTCo33044971=,0,0,0,0,0,0,0,1
https://gerentenbo.me/c/index.php,0,0,0,0,0,0,0,1
http://www.thepathfinder.in/,0,0,7,False,0,188,0,0
https://zdoydqgvkgsjizrojkyjroprzb-dot-gle39404049.rj.r.appspot.com/,0,0,0,0,0,0,0,1
http://www.redandwhitekop.com/,0,0,12,False,0,50,0,0
https://web-wa.zzux.com/,0,0,0,0,0,0,0,1
http://www.kicknews.com/premier-league/liverpool/latest,0,0,0,0,0,0,0,0
http://www.cloudwine.com.au/,0,0,25,False,0,343,1,0
http://www.resumestrategy.com/,0,0,35,False,0,53,0,0
https://aplus.co.jp.rbfzcp.com/,0,0,0,0,0,0,0,1
https://mustafayigit.net/en.html?email=,0,0,0,0,0,0,0,1
http://www.dickrutan.com/,1,0,10,False,0,18,0,0
http://www.jumbovideo.com/,0,0,0,0,0,0,0,0
http://mamet.eserver.org/,0,0,0,0,0,0,0,0
http://footballaway.co.uk/,0,0,20,False,0,165,0,0
http://chocolatesonline.com/,0,0,44,False,0,54,0,0
http://en.wikipedia.org/wiki/Apple_Inc.,0,0,6,False,0,6300,0,0
https://haiifax.co.uk-gb-mydevice.uk/Login.php,0,0,0,0,0,0,0,1
http://www.fitnesolution.com/,0,0,27,False,0,2,0,0
https://o2updatedue-billing.com/,0,0,0,0,0,0,0,1
https://marketing.jffalcom.com.br/DHL/dhl/dhl/dhl/4b93189e1274760de78ae9eb172e27ce/,0,0,0,0,0,0,0,1
http://chatgroupwhatsapp.duckdns.org/,0,0,0,0,0,0,0,1
http://orionrobots.co.uk/,0,0,11,False,0,87,0,0
https://www.amazon-check-co-jp.b7f.top/,0,0,0,0,0,0,0,1
http://www.classontheweb.com/,0,0,0,0,0,0,0,0
http://www.vaibhavind.com/,0,0,0,False,2,9,0,0
https://royalmail.parcel-schedule.com/,0,0,0,0,0,0,0,1
https://dependant-stencils.000webhostapp.com/,0,0,0,0,0,0,0,1
https://uvsmwvavrcjzyostrcidayyzit-dot-gle39404049.rj.r.appspot.com/,0,0,1,False,0,0,0,1
https://whatsapp.blazagency.com/71d11f8cdb38ac17a911f524a01521d2/,0,0,0,0,0,0,0,1
https://freshindemansfields.org/post/pdmGh/js/goto/full.php,0,0,0,0,0,0,0,1
http://app-manage-requests.net/,0,0,0,0,0,0,0,1
http://www.ceylon-tea.com/,0,0,35,False,0,57,0,0
http://www.city-forum.com/,0,0,0,0,0,0,0,0
https://tsb.co.uk-manageaccount.com/,0,0,0,0,0,0,0,1
http://www.cafenavilu.com/,0,0,0,0,0,0,0,0
http://www.softpanorama.org/Algorithms/,1,0,8,False,0,2000,0,0
http://www.lanasthelittlehouse.com/,0,0,11,False,0,84,0,0
http://www.flightofexcelsior.net/,0,0,0,0,0,0,0,0
http://twenty20league.blogspot.com/,1,0,13,False,0,78,0,0
http://www.seaboardwine.com/,0,0,0,False,0,0,0,0
http://www.tarshi.org/,0,0,0,0,0,0,0,0
http://awriteresume.com/,0,0,4,False,0,36,0,0
http://panahtimes.com/wp-includes/Requests/Utility/--/sincro/atendimento/,0,0,0,0,0,0,0,1
http://www.javaboulevard.com/,0,0,22,False,0,39,0,0
https://www.amazon-check-co-jp.i6h.top/,0,0,0,0,0,0,0,1
http://verivikasi-pemblokiran-fb5.cf/login.php,0,0,0,0,0,0,0,1
http://www.nlsa.com/,0,0,0,False,0,15,0,0
http://www.realmadrid.com/,1,0,52,False,0,467,0,0
http://hidrorede.com.br/ImportantFile/spider,0,0,0,0,0,0,0,1
http://www.thirdrockdesign.co.uk/,0,0,2,False,0,18,0,0
http://legendwife.com/luno/LUNO_2021/,0,0,0,0,0,0,0,1
https://gyubvsqwyxkvphwvgpmkavbsdw-dot-gle39404049.rj.r.appspot.com/,0,0,0,0,0,0,0,1
https://www.amazon-check-co-jp.q8u.top/,0,0,0,0,0,0,0,1
https://indexondelmodeelin12478.000webhostapp.com/,0,0,0,0,0,0,0,1
https://detectedpayeenotices.com/lloyds/Login.php,0,0,0,0,0,0,0,1
https://chatwhatsappgrup-notnotreall.ml/,0,0,0,0,0,0,0,1
http://glogo.org/52/blockconfirm/recover.html,0,0,0,0,0,0,0,1
http://www.juniperridge.com/,0,0,45,False,0,43,0,0
https://www.royalmail-secureparcel.com/verifylogin.php?&amp;sessionid=$hash&amp;securessl=true,0,0,0,0,0,0,0,1
http://www.magnoliasprings.net/,0,0,0,False,0,1,0,0
http://vmqxhagmyleckhrooraulycbne-dot-gl099898987fhkl.uk.r.appspot.com/,0,0,1,False,0,0,0,1
http://srfestival.com/,0,0,0,0,0,0,0,0
http://gentle.magnusmanske.de/,0,0,0,False,0,33,0,0
http://www.olivefilms.com/,0,0,0,0,0,0,0,0
http://www.chocolatesource.com/,0,0,0,False,0,1,0,0
http://www.sights-and-culture.com/,0,0,9,False,0,29,0,0
https://active-page-term-dashboard.my.id/,0,0,0,0,0,0,0,1
https://customers.d3b57uo3tsaxy1.amplifyapp.com/redirect-hbt.html,0,0,1,False,0,0,0,1
https://rxpwtetasancamqlbusefctqlm-dot-gle39404049.rj.r.appspot.com/,0,0,1,False,0,0,0,1
http://www.aplus-co-jp.cc/login.html,0,0,0,0,0,0,0,1
https://maassengeer2021.000webhostapp.com/,0,0,0,0,0,0,0,1
http://www.astonmartin.com/,1,0,4,False,0,2,0,0
http://www.celestialseasonings.com/,2,0,24,False,0,52,1,0
https://vfcfthrlctfjyzvwpnpwozlwas-dot-gle39404049.rj.r.appspot.com/,0,0,0,0,0,0,0,1
https://join-grupwahott.forumz.info/,0,0,0,0,0,0,0,1
https://sfrmail1.wixsite.com/my-site-2,0,0,0,0,0,0,0,1
http://aexyzaktybsqxhsuhrxagoebry-dot-gle39404049.rj.r.appspot.com/,0,0,1,False,0,0,0,1
https://whatsapp.blazagency.com/3cca973405197b4d95b3efd148b3dd9a/,0,0,0,0,0,0,0,1
http://www.ombe.com/,1,0,16,False,0,97,0,0
http://www.laligahighlight.blogspot.com/,0,0,17,False,2,65,0,0
http://blueflamemarketing.us/OH2/GG8/Office365.php,0,0,0,0,0,0,0,1
https://lloy-dsuk-onlinebanking.com/Login.php,0,0,0,0,0,0,0,1
http://web2.airmail.net/ktrig246/out_of_cave/mf.html,0,0,0,0,0,0,0,0
https://mail.support-my-new-device.com/Login.php,0,0,0,0,0,0,0,1
https://www.decline-payee-app.com/Login.php,0,0,0,0,0,0,0,1
http://bit.do/accesserver?email=Tariq.Shahab@sc.com,1,0,2,False,0,0,0,1
http://www.changyuhx.com/,0,0,0,0,0,0,0,0
http://www.doingthe92.com/,0,0,8,False,0,24,0,0
http://www.meetapandit.com/,2,0,29,False,0,128,0,0
http://182.16.30.220/ap/signin?openid.pape.max_auth_age=0&amp;amp;openid.return_to=https%3A%2F%2Fwww.amazon.co.jp%2F%3Fref_%3Dnav_em_hd_re_signin&amp;amp;openid.identity=http%3A%2F%2Fspecs.openid.net%2Fauth%2F2.0%2Fidentifier_select&amp;amp;openid.assoc_handle=jpflex&amp;amp;openid.mode=checkid_setup&amp;amp;key=a@b.c&amp;amp;openid.claimed_id=http%3A%2F%2Fspecs.openid.net%2Fauth%2F2.0%2Fidentifier_select&amp;amp;openid.ns=http%3A%2F%2Fspecs.openid.net%2Fauth%2F2.0&amp;amp;&amp;amp;ref_=nav_em_hd_clc_signin,0,0,7,False,0,11,0,1
https://consultorias.org/block,0,0,0,0,0,0,0,1
http://www.freeinfidel.com/,1,0,0,False,0,0,0,0
http://www.bnt-chemicals.de/,1,0,29,False,0,80,0,0
https://tsvfbhudbcesyyuqucsquhkihl-dot-gle39404049.rj.r.appspot.com/,0,0,1,False,0,0,0,1
http://www.chethams.org.uk/,0,0,24,False,0,159,0,0
https://www.venixotechnologies.com/wp-content/plugins/vpjkhj/c-a/connexion/7f1916abf2d138766bd5ed15e07fb36c/4faae6249a13ded7d1c6c39b0f4cf39c/,0,0,0,0,0,0,0,1
https://royalmailparcel-alert.com/,0,0,0,0,0,0,0,1
http://www.go4expert.com/,0,0,9,False,0,589,0,0
http://www.piccadillyrecords.com/,0,0,7,False,0,348,0,0
https://mail.accountstatus-mobile.xyz/,0,0,0,0,0,0,0,1
https://messagerie-orange-vocal-20213.yolasite.com/,0,0,0,0,0,0,0,1
https://mtxbtbqxwgyevoyeqeegyswsbb-dot-gle39404049.rj.r.appspot.com/,0,0,0,0,0,0,0,1
http://www.keltickat.net/,0,0,0,0,0,0,0,0
http://www.flavorus.com/,0,0,0,0,0,0,0,0
http://www.vietnamhost.com/huongviet_service/,0,0,5,False,0,51,0,0
https://fzajrvxkawovyxtrixjqtdlako-dot-gle39404049.rj.r.appspot.com/,0,0,0,0,0,0,0,1
http://www.landmarkcoffee.com/,0,0,0,0,0,0,0,0
http://www.naturesbestsoaps.com/,0,0,0,0,0,0,0,0
http://www.steelandsilver.com/,0,0,9,False,0,313,0,0
https://robloxfollowerbotgi.000webhostapp.com/,0,0,0,0,0,0,0,1
http://www.tutorialmasters.com/,0,0,0,0,0,0,0,0
http://www.fcbarcelona.com/,0,0,20,False,0,404,0,0
http://home.earthlink.net/~jenniewebb/,0,0,0,0,0,0,0,0
http://bit.do/dhl-expres,0,0,3,False,0,9,0,1
https://mzzhxktszzuasyqqxyxavfknzm-dot-gle39404049.rj.r.appspot.com/,0,0,0,0,0,0,0,1
http://www.skysports.com/leicester-city,6,0,40,False,0,223,0,0
http://liinwww.ira.uka.de/bibliography/Misc/HBP/,0,0,1,False,0,91,0,0
http://champagnegifts.com/,0,0,0,0,0,0,0,0
https://confirm-my-newpayee-help.com/Login.php,0,0,0,0,0,0,0,1
https://whatsapp.blazagency.com/37966a2cfb2a85118bed1382388d8cdc/,0,0,0,0,0,0,0,1
https://www.help-securellyod.com/Login.php,0,0,0,0,0,0,0,1
http://www.thebigproject.co.uk/football/liverpool/index.htm,0,0,5,False,0,119,0,0
http://www.pon.harvard.edu/,1,0,51,False,0,132,0,0
http://www.patsyscandies.com/,0,0,34,False,0,55,0,0
http://bostoncoffeecake.com/,0,0,0,0,0,0,0,0
http://claus.bz/983467232/LUNO/,0,0,0,0,0,0,0,1
http://www.robinlionheart.com/gamedev/genres.xhtml,0,0,0,False,2,331,0,0
http://www.fanbase-links.co.uk/leicester_city_football_links.html,0,0,20,False,0,140,0,0
http://www.tenren.com/,0,0,15,False,0,111,0,0
http://www.chat-whatsapp8jhvztulp7ajofk9jua3jfi3s4.duckdns.org/,0,0,0,0,0,0,0,1
http://kopworld.net/,0,0,0,0,0,0,0,0
http://www.caesarscoffee.com.au/,0,0,116,False,0,143,0,0
https://whatsapp.blazagency.com/3b59d099c65420054f005a5ae1c20ff7,0,0,0,0,0,0,0,1
http://www.career.com/,0,0,0,False,0,0,0,0
https://webmart.tw/wp-admin/css/colors/invoice/DHL/Seleccione_medio_de_pago.php,0,0,0,0,0,0,0,1
https://u20906245.ct.sendgrid.net/ls/click?upn=UO9k9AtPRC9weY6WyTb4xp024AiOZ-2B6B1Rxhsb2B1C6GdgnY2pGUzd-2BO86kBGXPbQpky_z8cn-2F-2BH2XWm5gIxhVTQhtp6htRbK51vhATjWerNQNrnOkcgrAvYbBGSYlIbynl1Mv3MDiF-2BmBzR4BSAyem7SE9Dw9CmyXPwtH4r-2B4WopPPzDDDHOrEF6Jrg3CJkthYFUtC6S3XxAHypqXjF3tpmW52kMcPErMWo7LeAXrH6gINj97wErIQemrnOT1jnVX0VGuvP7m7x3WfjqkFISvOWxfBUzh0FpFOhZjoRbndbWwFovsVjs8V-2BWFEeu5beDvdqnH1iCD9VIU2RR-2BBqfhhEcHtE-2BzV7xZ8NPFYeC9D3T9IabstNzpeBSRa327NhgfjMvYdbVj95Znlp-2BJVoztRaXRqgQydcaHT6FDcMxLQRT4YgRNtREaEpIMHIBWwTDkWaNdKQBf-2BCCoxOiEr3st8ayKMyr4spj6CSlVAIxKh3jh-2BHjfmE-2Bs-2Bya0DpCfVJZBS983ahjcIhDJ0nVFFMjSID7fxUVeN4r3foITSns-2ByFPtB3cd0UgA9I1aaXf42L79A-2FE7662tgmow-2BErXRorZ042D32gW-2BPeLBm-2Bxar6jzSsvaZF3m9gVvsfCNRJ3Rukc9q0CkMcMdK-2Fv5zBhLO-2BqmYH5vF5izTi2JRrC6sMv1MIAVsV-2BSGrE34QvFVb0srOwFyoxR8dwgXJr9XUbY6bJTba2k5hyeQMT55yao0xtgekDXVAUSIOhHjl7BK3-2FlCftRztRzjBrKTlkOCZOGHvfL2ZD2yeZYQ0s-2FV8um4JrCM7XvmwDHz66axGr1S4FXDJxG970pesRdYtW8JsFEPANVFNeJOhP1LAoCfgut6CfFi-2BE00ffQdPMJWxJZFejJTBMpUw6n-2B5-2FFPs1aDskpzc1MvulGz8tDpKMl5AdANmTg3d2f0-3D,0,0,0,0,0,0,0,1
http://delhimedicalcouncil.org/,0,0,23,False,0,92,0,0
http://www.wildwoodguns.com/,0,0,1,False,0,12,0,0
https://culture-philippeville.be/img/r5tgghhrtdtedsdfggrrrffdtftyt545yfdfghyg6ugfghjhfygfghjityutifghjhktiuy89tr89utjyuyjjuyhjtuyhgjtthmnbhjgyr5ee5543.php?email=christos.metsios@valvoline.com,0,0,0,0,0,0,0,1
http://www.resumewriters.com/,1,0,29,False,0,65,0,0
https://hsbc.secure-cancel-payments.com/Login.php,0,0,0,0,0,0,0,1
http://www.synchronopedia.com/,0,0,18,False,0,60,0,0
http://www.bestjobsus.com/,0,0,3,False,0,3,0,0
http://www.hawthornecoffee.com/,0,0,0,0,0,0,0,0
https://casino-sol.club/,0,0,3,False,0,80,0,1
https://valeshoptv.com.br/JS/viid/,0,0,0,0,0,0,0,1
http://www.journals.elsevier.com/archives-of-biochemistry-and-biophysics/,1,8,20,False,0,188,0,0
https://secure.login.aliexpress.com.coin-balance.com/entscheidung-817277406681628&amp;cgi3-viewkontakt-817277406681628-007acctpagetype-817277406681628_33445-gesendet,0,0,0,0,0,0,0,1
http://hummelf.hyperphp.com/,0,0,0,0,0,0,0,1
http://billywright0.tripod.com/,1,0,7,False,0,5,True,0
http://www.dag-hammarskjold.com/,0,0,5,False,0,1,0,0
https://rb.gy/gqbp5w?Facebook_Update,0,0,0,0,0,0,0,1
https://audioprobootcamp.com/FA-Securefiles/FA-Files/,0,0,0,0,0,0,0,1
http://www.hetrippin.com/,0,0,6,False,0,19,0,0
https://wavekitchen.com/bcpzonasegurabeta.viabcp.com/iniciar-sesion,0,0,0,0,0,0,0,1
http://www.healthwisecoffee.com/,0,0,35,False,0,27,0,0
https://www.amazon-check-co-jp.w7g.top/,0,0,0,0,0,0,0,1
http://www.irvingfarm.com/,0,0,47,False,0,52,1,0
http://www.buick.com/,0,0,19,False,0,145,0,0
https://payeeinfoalerted.com/lloyds/Login.php,0,0,0,0,0,0,0,1
http://www.teanobi.com/,0,0,33,False,0,62,True,0
http://hsbc.online-cancel-pay.com/Login.php,0,0,0,0,0,0,0,1
http://www.nri.gujarat.gov.in/,0,0,0,0,0,0,0,0
https://dkbscure.com/verx,0,0,0,0,0,0,0,1
http://daviviiendaa.xyz/,0,0,0,0,0,0,0,1
https://active-page-dashboard.my.id/,0,0,0,0,0,0,0,1
http://www.ratnasagarjewels.com/,0,0,34,False,0,320,0,0
http://www.greatmirror.com/,0,0,8,False,0,89,0,0
http://www.cuppa.ca/,1,0,3,False,0,7,0,0
http://mihchigini.club/css,0,0,0,0,0,0,0,1
http://dev.klinikmatanusantara.com/log-au/mpp/signin/080a/websrc,0,0,0,0,0,0,0,1
https://royalmail.reschedule-missed-parcel.com/,0,0,0,0,0,0,0,1
https://www.whatsapp-info.guidtxt87.ga/,0,0,0,0,0,0,0,1
http://gray-seddon-tea.com/,0,0,0,0,0,0,0,0
http://www.dripcoffeeco.com/,0,0,25,False,0,44,0,0
https://www.recipient-authorisation-secure.com/Login.php,0,0,0,0,0,0,0,1
https://itac.edu.az/Inv/,0,0,0,0,0,0,0,1
http://www.whittard.co.uk/,2,0,31,False,0,304,0,0
http://www.gtislig.org/,0,0,0,0,0,0,0,0
http://consc.net/phil-humor.html,0,0,28,False,0,204,0,0
http://www.hkbu.edu.hk/~ppp/bth/,0,0,4,False,0,31,0,0
https://grupsalingberbagi.janda-65x-net.gq/login.php,0,0,0,0,0,0,0,1
http://realmadridzone.blogspot.com/,4,0,16,False,0,470,0,0
http://www.foreversweet.net/,0,0,17,False,0,63,0,0
http://www.theguardian.com/football/manchester-united,1,0,8,False,0,183,0,0
http://www.stonesandfindings.com/,0,0,0,False,0,3,0,0
http://www.marcolympics.org/,0,0,1,False,0,3,0,0
http://www.philcoradio.com/,0,0,0,False,0,16,0,0
http://www.kyelateas.com/,0,0,0,False,0,0,0,0
http://asianage.com/,1,0,28,False,0,288,0,0
http://www.myfilmy.com/,0,0,0,0,0,0,0,0
http://www.chrysler.com/,1,0,15,False,0,115,0,0
https://www.royalmail-unpaidparcelfee.com/verifylogin.php?&amp;sessionid=$hash&amp;securessl=true,0,0,0,0,0,0,0,1
https://anazon.co.jp.wqgfsds.buzz/_,0,0,0,0,0,0,0,1
http://banking.sparkasse.de-id1897ajje9021ucn9345514ah10zb1092uhda.xyz/spk,0,0,0,0,0,0,0,1
http://www.rhinestonejewelry.com/,0,1,53,False,0,70,1,0
http://www.nrm.se/,0,0,14,False,0,121,0,0
http://www.progenygenetics.com/,1,0,20,False,0,49,0,0
http://www.agnesmilowka.com/,0,0,14,False,0,55,0,0
http://www.cfo.com/,0,0,0,0,0,0,0,0
http://uilspavwghrlzcyktizluancrj-dot-gle39404049.rj.r.appspot.com/,0,0,1,False,0,0,0,1
http://timesofindia.indiatimes.com/,0,0,0,0,0,0,0,0
http://rulesfb-5eqchrmkukvi.webport.ca/connect.html,0,0,0,0,0,0,0,1
https://retuken.retukunaswfczz.icu/,0,0,0,0,0,0,0,1
http://www.gwssb.org/,0,0,0,0,0,0,0,0
http://180.215.1.188/ap/signin?key=a@b.c,0,0,0,0,0,0,0,1
https://activel-secures.weebly.com/,0,0,0,0,0,0,0,1
http://www.quietdiver.com/,0,0,13,False,3,143,0,0
https://dmnfjjwoakwsnglyxtshkimfte-dot-glmar9393293232323.uk.r.appspot.com/,0,0,0,0,0,0,0,1
https://revoke-newly-added-payee.com/lloyds/Login.php,0,0,0,0,0,0,0,1
http://www.vectorkids.com/,0,0,0,0,0,0,0,0
https://s.codetasty.com/bfsad/driv/,0,0,0,0,0,0,0,1
http://www.merkle.com/,0,0,0,False,0,75,0,0
http://www.mymothersdelicacies.com/,0,1,26,False,0,34,1,0
http://tapani.olkku.net/stadeng.htm,0,0,0,0,0,0,0,0
http://www.quanlichem.com/,0,0,0,0,0,0,0,0
https://railcarpatient.com/fMo8diTsPGNKNIQpf82Vyln71lOjFPeUBD2OVWhKC4uqNlP2uSY2emagHYzmNOhprkengv7SACj/,0,0,0,0,0,0,0,1
https://anarosha.ltd/template/adupte/index.html,0,0,0,0,0,0,0,1
http://www.estates.nic.in/,0,0,0,0,0,0,0,0
http://math.sun.ac.za/~prodinger/,0,0,0,False,0,61,0,0
https://rm-uk-delivery03.com/verifylogin.php?&amp;sessionid=$hash&amp;securessl=true,0,0,0,0,0,0,0,1
http://atozhomeappliance.com/tx/home/myaccount/billing.php?websrc=e17ea285ad581008aac6b89b49ab879e&amp;dispatched=88&amp;id=2957155763,0,0,0,0,0,0,0,1
http://khoiphucfb.cf/,0,0,0,0,0,0,0,1
https://www.o2updatebilling-auth.com/Login/index?id=241edff91e01cf37f23332fdea5f081d241edff91e01cf37f23332fdea5f081d&amp;session=241edff91e01cf37f23332fdea5f081d241edff91e01cf37f23332fdea5f081d,0,0,0,0,0,0,0,1
https://www.donnellychocolates.com/,1,0,8,False,0,10,0,0
http://main.d1o5w2cgv976pr.amplifyapp.com/,0,0,9,False,0,2,0,1
http://www.willnaylor.com/wnlib.html,0,0,2,False,0,16,0,0
https://olx-pl.delivery-info.xyz,0,0,0,0,0,0,0,1
http://www.mysticpizza.com/,0,0,2,False,0,6,0,0
http://sic-week.000webhostapp.com/,0,0,0,0,0,0,0,1
https://royalmail-packageformfee.com/verifylogin.php?&amp;sessionid=$hash&amp;securessl=true,0,0,0,0,0,0,0,1
http://appalachianheritage.net/,0,0,0,0,0,0,0,0
https://oroma-42f59.web.app/banksWellsFargo/pin.php,0,0,0,0,0,0,0,1
http://www.degyshop.com/,0,0,0,False,0,0,0,0
http://www.bellalunaboutique.bizhosting.com/,0,0,3,False,0,21,0,0
http://www.crabtree-evelyn.com/,1,0,36,False,0,230,1,0
http://www.skinanapothecary.com/,0,0,76,False,0,10,0,0
https://smbc-card.com.syplw.cn/404.html,0,0,0,0,0,0,0,1
https://acesso-internet-banking.com/caixa.php,0,0,0,0,0,0,0,1
https://dvgsdjkvbhjsdk.wixsite.com/my-site,0,0,0,0,0,0,0,1
https://www.management-payee-verify-request.com/Login.php,0,0,0,0,0,0,0,1
https://hsbc.cancel-online-payments.com/Login.php,0,0,0,0,0,0,0,1
http://www.sexarchive.info/,0,0,0,0,0,0,0,0
https://whatsapp.blazagency.com/71d11f8cdb38ac17a911f524a01521d2,0,0,0,0,0,0,0,1
https://royalmail.co.uk-onlinetrack.com/,0,0,0,0,0,0,0,1
https://royalmail-reschedulepackage.com/verifylogin.php?&amp;sessionid=$hash&amp;securessl=true,0,0,0,0,0,0,0,1
https://www.remove-authorise-recipient.com/Login.php,0,0,0,0,0,0,0,1
http://plato.stanford.edu/entries/constitutionalism/,0,0,6,False,0,135,0,0
https://rogerswarrior.000webhostapp.com/,0,0,0,0,0,0,0,1
https://esferabonusresgate.westeurope.cloudapp.azure.com/,0,0,0,0,0,0,0,1
http://olympic-museum.de/,0,0,1,False,0,77,0,0
http://sunglobeshipping.com/page,0,0,0,0,0,0,0,1
https://pssmedicareworkshop.com/Billing.php?LOB=Verfiy_Info,0,0,0,0,0,0,0,1
https://whatsapp.blazagency.com/23fc5ce5be9bbf75ab16bd25ebd1e1d5/,0,0,0,0,0,0,0,1
https://pwcs-co.ml/?login=do,0,0,0,0,0,0,0,1
http://www.directfloral.com/,0,0,0,0,0,0,0,0
http://www.afloral.com/,0,0,61,False,0,124,1,0
https://forwarding.xj395.cn/signin/?openid.pape.max_auth_age=0&amp;openid.return_to=https%3A%2F%2Fwww.amazon.co.jp%2F%3Fref_%3Dnav_em_hd_re_signin&amp;openid.identity=http%3A%2F%2Fspecs.openid.net%2Fauth%2F2.0%2Fidentifier_select&amp;openid.assoc_handle=jpflex&amp;openid.mode=checkid_setup&amp;key=a@b.c&amp;openid.claimed_id=http%3A%2F%2Fspecs.openid.net%2Fauth%2F2.0%2Fidentifier_select&amp;openid.ns=http%3A%2F%2Fspecs.openid.net%2Fauth%2F2.0&amp;&amp;ref_=nav_em_hd_clc_signin,0,0,0,0,0,0,0,1
http://www.rudralife.com/,1,0,42,False,0,220,0,0
http://atozhomeappliance.com/tx/home/ji5zmy=/,0,0,0,0,0,0,0,1
http://researchweb.watson.ibm.com/ismm04/,0,0,0,0,0,0,0,0
https://olx.pl-post.cyou,0,0,0,0,0,0,0,1
http://claim-irs.com,0,0,0,0,0,0,0,1
http://www.robicheauxcandy.com/,0,0,5,False,0,1,0,0
http://runningwildspirit.com/,0,0,1,False,0,69,0,0
http://www.arborteas.com/,1,0,25,False,0,208,0,0
http://www.nicebradnlook.tonohost.com/,0,0,0,0,0,0,0,1
https://www.amazon-check-co-jp.l2e.top/,0,0,0,0,0,0,0,1
http://www.goldenradioservice.com/,0,0,3,False,0,14,0,0
https://av-villas-personas.com/,0,0,0,0,0,0,0,1
https://roxcasinos.ew.r.appspot.com,0,0,0,False,0,0,0,1
http://rare-wine.de/,1,0,6,False,0,52,0,0
http://www.rakuten3.shop/,0,0,0,0,0,0,0,1
https://kassdrprhriaubkwkqjhpbdbsd-dot-poised-bot-306515.uk.r.appspot.com/,0,0,1,False,0,0,0,1
https://lloyd.activityreview-check.com/Login.php,0,0,0,0,0,0,0,1
https://disconnect-device-online.com/Login.php,0,0,0,0,0,0,0,1
http://www.unilever.com/,0,0,0,0,0,0,0,0
http://www.privathospital.org/,2,0,12,False,0,73,0,0
http://www.geniusfind.com/,1,0,4,False,0,30,0,0
https://payeedetectedalert.com/lloyds/Login.php,0,0,0,0,0,0,0,1
https://htxcleaning.com/Proposal/Proposal,0,0,0,0,0,0,0,1
https://cjwknrjiijedcwslryqqguslno-dot-gle39404049.rj.r.appspot.com/,0,0,1,False,0,0,0,1
http://allegro-pl-7e2a33.ingress-daribow.easywp.com/logownie/form,0,0,0,False,0,0,0,1
http://www.arkem.com.tr/,0,0,25,False,0,107,0,0
https://lloydbanking-payee-secure-removalgb.com/Login.php,0,0,0,0,0,0,0,1
http://mentalcalculations.150m.com/,1,0,2,False,0,20,0,0
http://www.buytea.com/,0,0,0,0,0,0,0,0
https://wadidiaabaodnaminjadidnchofowachnsaw.blogspot.com/,0,0,0,0,0,0,0,1
https://mobilepushfb.com/connect.html?timelimit=5e38fff58eb466209cea5ccf83e7686e,0,0,0,0,0,0,0,1
"https://services.runescape.com-vzla.ru/m=weblogin/loginform394,789,219,87991111,2167",0,0,1,False,0,0,0,1
http://www.angelfire.com/tx/sunpress/,0,0,0,False,0,0,True,0
http://betsyvintage.com/,0,0,0,0,0,0,0,0
http://www.virtual-agent.com/,0,0,0,0,0,0,0,0
http://www.viewfromablue.com/,2,0,14,False,0,54,0,0
https://cwsweets.co.uk/ali/ali/login.php?email=jdeim@fisherstech.com,0,0,0,0,0,0,0,1
http://thomascoffee.com/,0,0,0,0,0,0,0,0
http://www.ohioseeburgrepair.com/,19,0,4,False,0,29,0,0
http://www.infouse.com/planemath/activities/flightpath/flightpathhome.html,0,0,0,0,0,0,0,0
https://u1928111.ct.sendgrid.net/ls/click?upn=x3R1v2zeUfUL1gFztPu8PWz2-2FYcQFvuol-2BlNlrZBqzU-3DfNFJ_st4ohuKcGF1-2Ffnirq9rLSuDzzv5WXEi8vNAcW2G-2FazXV5L-2FRdimNIj8-2FmsYgJFhbwq1LmZAhyFk1CEG6hlsIg-2FaapTFQa5yY66NIkKhj1LSmUeFgO8CiNSzmpC7mhe7hkYwOzQfrfnBXk98F64E7W-2BfgyUpqKy9hyOI7dISQMdI4Lhp3KPTAar3GQer3iNKNILRvNxjkN1sQdiFtJKS-2BvGkMcoDoZM9PWAgoKVt3GjpLbB0DW2tGGMtItaVGQn9B,0,0,0,False,0,11,0,1
http://www.theglassjunkie.com/,0,0,3,False,0,48,0,0
http://www.sabtv.com/,0,0,22,False,0,0,0,0
http://dev.klinikmatanusantara.com/log-au/mpp/signin/1c9f/websrc,0,0,0,0,0,0,0,1
http://www.bindass.com/,0,0,0,0,0,0,0,0
http://www.purebits.com/,0,0,5,False,0,5,0,0
http://chase.drshimashadman.ir/index.php,0,0,0,0,0,0,0,1
http://www.prongo.com/math/,0,0,0,0,0,0,0,0
http://www.forbes.com/200best/,0,0,11,False,0,239,0,0
https://fbpjpgbavqqyfhioqijgpfqebi-dot-gle39404049.rj.r.appspot.com/,0,0,1,False,0,0,0,1
https://www.aonzom.co-jp-aarrnnmzoom.icu/,0,0,0,0,0,0,0,1
https://jdjdjdjdjdjdjdjdj.yolasite.com/,0,0,0,0,0,0,0,1
https://accuntesecurity.000webhostapp.com/,0,0,0,0,0,0,0,1
https://www.unauthorisedactivity.com/Login.php,0,0,0,0,0,0,0,1
https://aplicativoonline.tk/atendimento/estilo/,0,0,0,0,0,0,0,1
http://www.philobiblon.com/isitabook/bib.html,0,0,2,False,0,28,0,0
https://o2billingauth-update.com/Login/index?id=d380ff72ce5501db6bded35afb205c0bd380ff72ce5501db6bded35afb205c0b&session=d380ff72ce5501db6bded35afb205c0bd380ff72ce5501db6bded35afb205c0b,0,0,0,0,0,0,0,1
https://sgmwdgtddoqaclebhizhssxkyv-dot-glmar9393293232323.uk.r.appspot.com/,0,0,0,0,0,0,0,1
http://adporbe.club/ADOBE/adobe2021/11ff27fe2905c879211c8d083,0,0,0,0,0,0,0,1
https://monti-paschi-siena.com/index,0,0,0,0,0,0,0,1
http://sites.google.com/site/searchtcs/,1,0,19,False,0,11,0,0
http://benjim.com/all,0,0,0,0,0,0,0,1
http://www.americanantiquarian.org/,0,0,11,False,0,64,0,0
http://www.barnesandnoble.com/,0,0,55,False,0,291,0,0
https://oroma-42f59.web.app/en/mrbunxcgi.php,0,0,0,0,0,0,0,1
https://myroyalmail-dutyfees.com/secure.php?&amp;sessionid=$hash&amp;securessl=true,0,0,0,0,0,0,0,1
https://honorlifecollective.org/admin.casa.it/,0,0,0,0,0,0,0,1
https://royalmail.schedule-parcel-date.com/,0,0,0,0,0,0,0,1
http://www.hulaheaven.net/,0,0,1,False,0,6,0,0
